Dataset;best;nofs;fs
Australian.csv;0.909824346;0.932257625;0.909824346
boston.csv;0.945817246;0.945817246;0.926833977
churn.csv;0.933340678;0.933340678;0.933981931
compas-two-years.csv;0.716882873;0.716882873;0.716882873
image.csv;0.891759656;0.891759656;0.886389669
page-blocks.csv;0.991395575;0.991395575;0.991395575
parkinsons.csv;0.940315315;0.940315315;0.873873874
segment.csv;0.999859198;0.999816345;0.999859198
stock.csv;0.995511319;0.995511319;0.994535519
zoo.csv;1;1;1
